Origem da vida;M01_origem_da_vida;18 - UNO Ensino Médio;259 - UNO Ensino Médio - Biologia;1 - an - Animação;1 - reap.;2 - flash;1 - Sim;0 - Não;1;;2.700
Cadeia alimentar e o ciclo dos elementos;M02_cadeia_alimentar_e_ciclo_dos_elementos;18 - UNO Ensino Médio;259 - UNO Ensino Médio - Biologia;1 - an - Animação;1 - reap.;2 - flash;1 - Sim;0 - Não;2;;6.131
Grandes biomas da Terra e do Brasil;M02_grandes_biomas_da_terra_e_do_brasil;18 - UNO Ensino Médio;259 - UNO Ensino Médio - Biologia;1 - an - Animação;1 - reap.;2 - flash;1 - Sim;0 - Não;2;;20.511
Populações e comunidades biológicas;M03_populacoes_e_comunidades_biologicas;18 - UNO Ensino Médio;259 - UNO Ensino Médio - Biologia;1 - an - Animação;1 - reap.;2 - flash;1 - Sim;0 - Não;3;;6.077
Duplicação do DNA;M04_duplicacao_do_DNA;18 - UNO Ensino Médio;259 - UNO Ensino Médio - Biologia;1 - an - Animação;1 - reap.;2 - flash;1 - Sim;0 - Não;4;;25.852
O mundo miscroscópio das células;M05_o_mundo_microscopico_das_celulas;18 - UNO Ensino Médio;259 - UNO Ensino Médio - Biologia;1 - an - Animação;1 - reap.;2 - flash;1 - Sim;0 - Não;5;;18.010
Processos energéticos celulares;M05_processos_energeticos_celulares;18 - UNO Ensino Médio;259 - UNO Ensino Médio - Biologia;1 - an - Animação;1 - reap.;2 - flash;1 - Sim;0 - Não;5;;3.675
Ciclo celular: mitose e meiose;M06_ciclo_celular_mitose_e_meiose;18 - UNO Ensino Médio;259 - UNO Ensino Médio - Biologia;1 - an - Animação;1 - reap.;2 - flash;1 - Sim;0 - Não;6;;1.611
Reprodução e desenvolvimento;M07_reproducao_e_desenvolvimento;18 - UNO Ensino Médio;259 - UNO Ensino Médio - Biologia;1 - an - Animação;1 - reap.;2 - flash;1 - Sim;0 - Não;7;;4.007
Tecidos animais;M07_tecidos_animais;18 - UNO Ensino Médio;259 - UNO Ensino Médio - Biologia;1 - an - Animação;1 - reap.;2 - flash;1 - Sim;0 - Não;7;;5.726
Reprodução humana;M08_reproducao_humana;18 - UNO Ensino Médio;259 - UNO Ensino Médio - Biologia;1 - an - Animação;1 - reap.;2 - flash;1 - Sim;0 - Não;8;;3.808
Biotecnologia;M10_biotecnologia;18 - UNO Ensino Médio;259 - UNO Ensino Médio - Biologia;1 - an - Animação;1 - reap.;2 - flash;1 - Sim;0 - Não;10;;8.276
Ciclo de reprodução ciral;M10_ciclo_de_reproducao_viral;18 - UNO Ensino Médio;259 - UNO Ensino Médio - Biologia;1 - an - Animação;1 - reap.;2 - flash;1 - Sim;0 - Não;10;;2.489
Reprodução de bactérias;M10_reproducao_de_bacterias;18 - UNO Ensino Médio;259 - UNO Ensino Médio - Biologia;1 - an - Animação;1 - reap.;2 - flash;1 - Sim;0 - Não;10;;2.132
Protozoários, algas e fungos;M11_protozoarios_algas_e_fungos;18 - UNO Ensino Médio;259 - UNO Ensino Médio - Biologia;1 - an - Animação;1 - reap.;2 - flash;1 - Sim;0 - Não;11;;4.968
Morfolo;M13_morfologia_das_angiospermas;18 - UNO Ensino Médio;259 - UNO Ensino Médio - Biologia;1 - an - Animação;1 - reap.;2 - flash;1 - Sim;0 - Não;13;;3.224
A ação dos fitormônios;M14_a_acao_dos_fitormonios;18 - UNO Ensino Médio;259 - UNO Ensino Médio - Biologia;1 - an - Animação;1 - reap.;2 - flash;1 - Sim;0 - Não;14;;5.316
Fisiologia das angiospermas;M14_fisiologia_das_angiospermas;18 - UNO Ensino Médio;259 - UNO Ensino Médio - Biologia;1 - an - Animação;1 - reap.;2 - flash;1 - Sim;0 - Não;14;;3.988
Animais invertebrados;M15_animais_invertebrados;18 - UNO Ensino Médio;259 - UNO Ensino Médio - Biologia;1 - an - Animação;1 - reap.;2 - flash;1 - Sim;0 - Não;15;;13.890
Nutrição e circulação;M17_nutricao_e_circulacao;18 - UNO Ensino Médio;259 - UNO Ensino Médio - Biologia;1 - an - Animação;1 - reap.;2 - flash;1 - Sim;0 - Não;17;;5.695
Pele, músculo e esqueleto;M18_pele_musculo_e_esqueleto;18 - UNO Ensino Médio;259 - UNO Ensino Médio - Biologia;1 - an - Animação;1 - reap.;2 - flash;1 - Sim;0 - Não;18;;5.310
Respiração e excreção;M18_respiracao_e_excrecao;18 - UNO Ensino Médio;259 - UNO Ensino Médio - Biologia;1 - an - Animação;1 - reap.;2 - flash;1 - Sim;0 - Não;18;;3124
Integração e controle;M19_integracao_e_controle;18 - UNO Ensino Médio;259 - UNO Ensino Médio - Biologia;1 - an - Animação;1 - reap.;2 - flash;1 - Sim;0 - Não;19;;6.815
Simulação de cruzamento de ervilhas;M20_simulacao_de_cruzamentos_de_ervilhas;18 - UNO Ensino Médio;259 - UNO Ensino Médio - Biologia;1 - an - Animação;1 - reap.;2 - flash;1 - Sim;0 - Não;20;;553
Genética na atualidade;M22_genetica_na_atualidade;18 - UNO Ensino Médio;259 - UNO Ensino Médio - Biologia;1 - an - Animação;1 - reap.;2 - flash;1 - Sim;0 - Não;22;;3.351
Fundamentos da evolução biológica;M23_fundamentos_da_evolucao_biologica;18 - UNO Ensino Médio;259 - UNO Ensino Médio - Biologia;1 - an - Animação;1 - reap.;2 - flash;1 - Sim;0 - Não;23;;6.220
Camuflagem e adaptação;M24_camuflagem_e_adaptacao;18 - UNO Ensino Médio;259 - UNO Ensino Médio - Biologia;1 - an - Animação;1 - reap.;2 - flash;1 - Sim;0 - Não;24;;1.741
Derivação gênica;M24_deriva_genica;18 - UNO Ensino Médio;259 - UNO Ensino Médio - Biologia;1 - an - Animação;1 - reap.;2 - flash;1 - Sim;0 - Não;24;;1.838
Especiação;M24_especiacao;18 - UNO Ensino Médio;259 - UNO Ensino Médio - Biologia;1 - an - Animação;1 - reap.;2 - flash;1 - Sim;0 - Não;24;;4.404
Movimento relativo;M01_movimento_relativo;18 - UNO Ensino Médio;263 - UNO Ensino Médio - Física;17 - in - Multimídia interativa;1 - reap.;2 - flash;1 - Sim;1 - Sim;1;;2.303
Energia mecânica de conservação e dissipação;M07_energia_mecanica_conservacao_e_dissipacao;18 - UNO Ensino Médio;263 - UNO Ensino Médio - Física;17 - in - Multimídia interativa;1 - reap.;2 - flash;1 - Sim;1 - Sim;7;;3.946
A experiência de Joule;M11_a_experiencia_de_joule;18 - UNO Ensino Médio;263 - UNO Ensino Médio - Física;1 - an - Animação;1 - reap.;2 - flash;1 - Sim;0 - Não;11;;1.187
Diagrama de fases;M11_diagrama_de_fases;18 - UNO Ensino Médio;263 - UNO Ensino Médio - Física;1 - an - Animação;1 - reap.;2 - flash;1 - Sim;0 - Não;11;;24.474
Primeira Lei da Termodinâmica;M12_primeira_lei_da_termodinamica;18 - UNO Ensino Médio;263 - UNO Ensino Médio - Física;1 - an - Animação;1 - reap.;2 - flash;1 - Sim;0 - Não;12;;2.331
Segunda Lei da Termodinâmica;M12_segunda_lei_da_termodinamica;18 - UNO Ensino Médio;263 - UNO Ensino Médio - Física;1 - an - Animação;1 - reap.;2 - flash;1 - Sim;0 - Não;12;;3.198
Instrumentos Ópticos;M15_instrumentos_opticos;18 - UNO Ensino Médio;263 - UNO Ensino Médio - Física;1 - an - Animação;1 - reap.;2 - flash;1 - Sim;0 - Não;15;;8.481
Onda;M16_onda;18 - UNO Ensino Médio;263 - UNO Ensino Médio - Física;1 - an - Animação;1 - reap.;2 - flash;1 - Sim;0 - Não;16;;4.716
Experimento de Coulomb;M17_experimento_de_coulomb;18 - UNO Ensino Médio;263 - UNO Ensino Médio - Física;1 - an - Animação;1 - reap.;2 - flash;1 - Sim;0 - Não;17;;2.498
Campo elétrico;M18_campo_eletrico;18 - UNO Ensino Médio;263 - UNO Ensino Médio - Física;1 - an - Animação;1 - reap.;2 - flash;1 - Sim;0 - Não;18;;2.143
Indução eletromagnética;M23_inducao_eletromagnetica;18 - UNO Ensino Médio;263 - UNO Ensino Médio - Física;1 - an - Animação;1 - reap.;2 - flash;1 - Sim;0 - Não;23;;6.533
Física Quântica;M24_fisica_quantica;18 - UNO Ensino Médio;263 - UNO Ensino Médio - Física;1 - an - Animação;1 - reap.;2 - flash;1 - Sim;0 - Não;24;;5.621
Relatividade especial;M24_relatividade_especial;18 - UNO Ensino Médio;263 - UNO Ensino Médio - Física;1 - an - Animação;1 - reap.;2 - flash;1 - Sim;0 - Não;24;;5.739
MRU MRUV;M02_mru_mruv;18 - UNO Ensino Médio;263 - UNO Ensino Médio - Física;7 - si - Simulador;1 - reap.;2 - flash;1 - Sim;1 - Sim;2;;512
Lançamentos;M03_lancamentos;18 - UNO Ensino Médio;263 - UNO Ensino Médio - Física;7 - si - Simulador;1 - reap.;2 - flash;1 - Sim;1 - Sim;3;;229
Vetores;M03_vetores;18 - UNO Ensino Médio;263 - UNO Ensino Médio - Física;7 - si - Simulador;1 - reap.;2 - flash;1 - Sim;1 - Sim;3;;211
Sistemas;M05_sistemas;18 - UNO Ensino Médio;263 - UNO Ensino Médio - Física;7 - si - Simulador;1 - reap.;2 - flash;1 - Sim;1 - Sim;5;;503
Colisões;M08_colisoes;18 - UNO Ensino Médio;263 - UNO Ensino Médio - Física;7 - si - Simulador;1 - reap.;2 - flash;1 - Sim;1 - Sim;8;;391
Calorímetro;M11_calorimetro;18 - UNO Ensino Médio;263 - UNO Ensino Médio - Física;7 - si - Simulador;1 - reap.;2 - flash;1 - Sim;1 - Sim;11;;430
Gases;M12_gases;18 - UNO Ensino Médio;263 - UNO Ensino Médio - Física;7 - si - Simulador;1 - reap.;2 - flash;1 - Sim;1 - Sim;12;;339
Lentes;M13_lentes;18 - UNO Ensino Médio;263 - UNO Ensino Médio - Física;7 - si - Simulador;1 - reap.;2 - flash;1 - Sim;1 - Sim;13;;195
Circuito elétrico;M19_circuito_eletrico;18 - UNO Ensino Médio;263 - UNO Ensino Médio - Física;7 - si - Simulador;1 - reap.;2 - flash;1 - Sim;1 - Sim;19;;240
Refração;M14_refracao;18 - UNO Ensino Médio;263 - UNO Ensino Médio - Física;7 - si - Simulador;1 - reap.;2 - flash;1 - Sim;1 - Sim;14;;294
Atrito estático e dinâmico;video_12_atrito_estatico_e_dinamico;18 - UNO Ensino Médio;263 - UNO Ensino Médio - Física;9 - vde - Vídeo de experimento;1 - reap.;2 - flash;1 - Sim;1 - Sim;12;;16.019
Colisões;Video_13_Colisoes;18 - UNO Ensino Médio;263 - UNO Ensino Médio - Física;9 - vde - Vídeo de experimento;1 - reap.;2 - flash;1 - Sim;1 - Sim;13;;30.040
Calor sensível e latente;video_14_Calor_Sensivel_E_Latente;18 - UNO Ensino Médio;263 - UNO Ensino Médio - Física;9 - vde - Vídeo de experimento;1 - reap.;2 - flash;1 - Sim;1 - Sim;14;;19.490
Ondas sonoras;video_15_Ondas_Sonoras;18 - UNO Ensino Médio;263 - UNO Ensino Médio - Física;9 - vde - Vídeo de experimento;1 - reap.;2 - flash;1 - Sim;1 - Sim;15;;25.704
Regiões do Brasil;M24_regioes_do_brasil;18 - UNO Ensino Médio;260 - UNO Ensino Médio - Geografia;3 - mi - Mapa interativo;1 - reap.;2 - flash;1 - Sim;1 - Sim;24;;2.587
Recursos minerais e fontes de energia;M22_recursos_minerais_e_fontes_de_energia;18 - UNO Ensino Médio;260 - UNO Ensino Médio - Geografia;3 - mi - Mapa interativo;1 - reap.;2 - flash;1 - Sim;1 - Sim;22;;1.778
Brasi: população e movimentos migratórios;M21_brasil_populacao_e_movimentos_migratorios;18 - UNO Ensino Médio;260 - UNO Ensino Médio - Geografia;3 - mi - Mapa interativo;1 - reap.;2 - flash;1 - Sim;1 - Sim;21;;1.719
Brasil: urbanização e espaço industrial;M20_brasil_urbanizacao_e_espaco_industrial;18 - UNO Ensino Médio;260 - UNO Ensino Médio - Geografia;3 - mi - Mapa interativo;1 - reap.;2 - flash;1 - Sim;1 - Sim;20;;269
Biomas do Brasil;M19_biomas_do_brasil;18 - UNO Ensino Médio;260 - UNO Ensino Médio - Geografia;3 - mi - Mapa interativo;1 - reap.;2 - flash;1 - Sim;1 - Sim;19;;10.359
Translação e estações do ano no Brasil;M18_translacao_e_estacoes_do_ano_no_brasil;18 - UNO Ensino Médio;260 - UNO Ensino Médio - Geografia;1 - an - Animação;1 - reap.;2 - flash;1 - Sim;0 - Não;18;;19.921
Massa de ar no Brasil;M18_massas_de_ar_no_brasil;18 - UNO Ensino Médio;260 - UNO Ensino Médio - Geografia;1 - an - Animação;1 - reap.;2 - flash;1 - Sim;0 - Não;18;;1.861
Correntes marítimas da América do sul;M18_correntes_maritimas_america_do_sul;18 - UNO Ensino Médio;260 - UNO Ensino Médio - Geografia;1 - an - Animação;1 - reap.;2 - flash;1 - Sim;0 - Não;18;;1.680
Climas do Brasil;M18_climas_do_brasil;18 - UNO Ensino Médio;260 - UNO Ensino Médio - Geografia;3 - mi - Mapa interativo;1 - reap.;2 - flash;1 - Sim;1 - Sim;18;;3.299
Regiões hidrográficas brasileiras;M17_regioes_hidrograficas_brasileiras;18 - UNO Ensino Médio;260 - UNO Ensino Médio - Geografia;3 - mi - Mapa interativo;1 - reap.;2 - flash;1 - Sim;1 - Sim;17;;1.867
Classificações do relevo brasileiro;M17_classificacoes_do_relevo_brasileiro;18 - UNO Ensino Médio;260 - UNO Ensino Médio - Geografia;3 - mi - Mapa interativo;1 - reap.;2 - flash;1 - Sim;1 - Sim;17;;1.730
Ciclo da água;M17_ciclo_da_agua;18 - UNO Ensino Médio;260 - UNO Ensino Médio - Geografia;1 - an - Animação;1 - reap.;2 - flash;1 - Sim;0 - Não;17;;2.996
As marés e as fases da lua;M17_as_mares_e_as_fases_da_lua;18 - UNO Ensino Médio;260 - UNO Ensino Médio - Geografia;1 - an - Animação;1 - reap.;2 - flash;1 - Sim;0 - Não;17;;4.663
A transposição do rio São Francisco;M17_A transposicao do Rio Sao Francisco;18 - UNO Ensino Médio;260 - UNO Ensino Médio - Geografia;3 - mi - Mapa interativo;1 - reap.;2 - flash;1 - Sim;1 - Sim;17;;1.758
Asia: climas, vegetação e monções;M13_asia_climas_vegetacao_e_moncoes;18 - UNO Ensino Médio;260 - UNO Ensino Médio - Geografia;3 - mi - Mapa interativo;1 - reap.;2 - flash;1 - Sim;1 - Sim;13;;1.980
Formação da União Europeia;M12_formacao_da_uniao_europeia;18 - UNO Ensino Médio;260 - UNO Ensino Médio - Geografia;1 - an - Animação;1 - reap.;2 - flash;1 - Sim;0 - Não;12;;2.951
Europa: climas e vegetação;M12_europa_climas_e_vegetacao;18 - UNO Ensino Médio;260 - UNO Ensino Médio - Geografia;3 - mi - Mapa interativo;1 - reap.;2 - flash;1 - Sim;1 - Sim;12;;11.218
El Niño e La Nina;M11_el_nino_e_la_nina;18 - UNO Ensino Médio;260 - UNO Ensino Médio - Geografia;1 - an - Animação;1 - reap.;2 - flash;1 - Sim;0 - Não;11;;4.747
América do Sul: climas, vegetação e correntes marítmas;M11_america_do_sul_climas_vegetacao_e_correntes_maritimas;18 - UNO Ensino Médio;260 - UNO Ensino Médio - Geografia;3 - mi - Mapa interativo;1 - reap.;2 - flash;1 - Sim;1 - Sim;11;;4.817
Furacões;M10_furacoes;18 - UNO Ensino Médio;260 - UNO Ensino Médio - Geografia;1 - an - Animação;1 - reap.;2 - flash;1 - Sim;0 - Não;10;;4.526
América do Norte: climas, vegetação e correntes marítimas;M09_america_do_norte_climas_vegetacao_e_correntes_maritimas;18 - UNO Ensino Médio;260 - UNO Ensino Médio - Geografia;3 - mi - Mapa interativo;1 - reap.;2 - flash;1 - Sim;1 - Sim;9;;3.380
Formação da União Europeia;M08_formacao_da_uniao_europeia;18 - UNO Ensino Médio;260 - UNO Ensino Médio - Geografia;1 - an - Animação;1 - reap.;2 - flash;1 - Sim;0 - Não;8;;2.951
Retratação da vegetação nativa brasileira;M07_retracao_da_vegetacao_nativa_brasileira;18 - UNO Ensino Médio;260 - UNO Ensino Médio - Geografia;2 - ma - Mapa animado;1 - reap.;2 - flash;1 - Sim;1 - Sim;7;;4.664
Espaço agropecuário mundial;M07_espaco_agropecuario_mundial;18 - UNO Ensino Médio;260 - UNO Ensino Médio - Geografia;3 - mi - Mapa interativo;1 - reap.;2 - flash;1 - Sim;1 - Sim;7;;2.251
Inversão térmica;M04_inversao_termica;18 - UNO Ensino Médio;260 - UNO Ensino Médio - Geografia;1 - an - Animação;1 - reap.;2 - flash;1 - Sim;0 - Não;4;;1.539
Efeito estufa;M04_efeito_estufa;18 - UNO Ensino Médio;260 - UNO Ensino Médio - Geografia;1 - an - Animação;1 - reap.;2 - flash;1 - Sim;0 - Não;4;;4.766
Chuva ácida;M04_chuva_acida;18 - UNO Ensino Médio;260 - UNO Ensino Médio - Geografia;1 - an - Animação;1 - reap.;2 - flash;1 - Sim;0 - Não;4;;10.040
Principais correntes marítimas;M03_principais_correntes_maritimas;18 - UNO Ensino Médio;260 - UNO Ensino Médio - Geografia;3 - mi - Mapa interativo;1 - reap.;2 - flash;1 - Sim;1 - Sim;3;;1.757
Massas de ar;M03_massas_de_ar;18 - UNO Ensino Médio;260 - UNO Ensino Médio - Geografia;1 - an - Animação;1 - reap.;2 - flash;1 - Sim;0 - Não;3;;1.761
El Niño e La Nina;M03_el_nino_e_la_nina;18 - UNO Ensino Médio;260 - UNO Ensino Médio - Geografia;1 - an - Animação;1 - reap.;2 - flash;1 - Sim;0 - Não;3;;4.747
Efeito estufa;M03_efeito_estufa;18 - UNO Ensino Médio;260 - UNO Ensino Médio - Geografia;1 - an - Animação;1 - reap.;2 - flash;1 - Sim;0 - Não;3;;4.766
Climas do mundo;M03_climas_do_mundo;18 - UNO Ensino Médio;260 - UNO Ensino Médio - Geografia;3 - mi - Mapa interativo;1 - reap.;2 - flash;1 - Sim;1 - Sim;3;;2.939
Ciclo do carbono;M03_ciclo_do_carbono;18 - UNO Ensino Médio;260 - UNO Ensino Médio - Geografia;1 - an - Animação;1 - reap.;2 - flash;1 - Sim;0 - Não;3;;1.086
Ciclo da água;M03_ciclo_da_agua;18 - UNO Ensino Médio;260 - UNO Ensino Médio - Geografia;1 - an - Animação;1 - reap.;2 - flash;1 - Sim;0 - Não;3;;2.996
Chuva ácida;M03_chuva_acida;18 - UNO Ensino Médio;260 - UNO Ensino Médio - Geografia;1 - an - Animação;1 - reap.;2 - flash;1 - Sim;0 - Não;3;;10.040
Biomas do Mundo;M03_biomas_do_mundo;18 - UNO Ensino Médio;260 - UNO Ensino Médio - Geografia;3 - mi - Mapa interativo;1 - reap.;2 - flash;1 - Sim;1 - Sim;3;;2.171
Intemperismo;M02_intemperismo;18 - UNO Ensino Médio;260 - UNO Ensino Médio - Geografia;1 - an - Animação;1 - reap.;2 - flash;1 - Sim;0 - Não;2;;20.991
Ciclo da água;M02_ciclo_da_agua;18 - UNO Ensino Médio;260 - UNO Ensino Médio - Geografia;1 - an - Animação;1 - reap.;2 - flash;1 - Sim;0 - Não;2;;2.996
As marés e as fases da lua;M02_as_mares_e_as_fases_da_lua;18 - UNO Ensino Médio;260 - UNO Ensino Médio - Geografia;1 - an - Animação;1 - reap.;2 - flash;1 - Sim;0 - Não;2;;4.663
Teoria da tectônica de placas;M01_teoria_da_tectonica_de_placas;18 - UNO Ensino Médio;260 - UNO Ensino Médio - Geografia;1 - an - Animação;1 - reap.;2 - flash;1 - Sim;0 - Não;1;;2.719
Teoria da deriva continental;M01_teoria_da_deriva_continental;18 - UNO Ensino Médio;260 - UNO Ensino Médio - Geografia;1 - an - Animação;1 - reap.;2 - flash;1 - Sim;0 - Não;1;;2.871
A formação dos Estados Unidos;M09_geo_a_formacao_dos_estados_unidos;18 - UNO Ensino Médio;260 - UNO Ensino Médio - Geografia;2 - ma - Mapa animado;1 - reap.;2 - flash;1 - Sim;1 - Sim;9;;262
Migrações para a América;M11_migracoes_para_america;18 - UNO Ensino Médio;260 - UNO Ensino Médio - Geografia;2 - ma - Mapa animado;1 - reap.;2 - flash;1 - Sim;1 - Sim;11;;250
A questão palestina;M13_a_questao_palestina;18 - UNO Ensino Médio;260 - UNO Ensino Médio - Geografia;2 - ma - Mapa animado;1 - reap.;2 - flash;1 - Sim;1 - Sim;13;;242
Estrutura geológica e produção de minérios;M02_estrutura_geologica_e_producao_de_minerios;18 - UNO Ensino Médio;260 - UNO Ensino Médio - Geografia;3 - mi - Mapa interativo;1 - reap.;2 - flash;1 - Sim;1 - Sim;2;;255
Principais blocos econômicos do mundo;M08_principais_blocos_economicos_do_mundo;18 - UNO Ensino Médio;260 - UNO Ensino Médio - Geografia;3 - mi - Mapa interativo;1 - reap.;2 - flash;1 - Sim;1 - Sim;8;;464
África: climas, vegetação e desertificação;M15_africa_climas_vegetacao_e_desertificacao;18 - UNO Ensino Médio;260 - UNO Ensino Médio - Geografia;3 - mi - Mapa interativo;1 - reap.;2 - flash;1 - Sim;1 - Sim;15;;3.260
Estrutura geológica do Brasil;M17_estrutura_geologica_do_brasil;18 - UNO Ensino Médio;260 - UNO Ensino Médio - Geografia;3 - mi - Mapa interativo;1 - reap.;2 - flash;1 - Sim;1 - Sim;17;;1.936
O processo comunicacional;M02_o_processo_comunicacional;18 - UNO Ensino Médio;262 - UNO Ensino Médio - Gramática;1 - an - Animação;1 - reap.;2 - flash;1 - Sim;0 - Não;2;;1.698
Pré História;M1_pre_historia;18 - UNO Ensino Médio;261 - UNO Ensino Médio - História;1 - an - Animação;1 - reap.;2 - flash;1 - Sim;0 - Não;1;;5.117
Astecas;M06_astecas;18 - UNO Ensino Médio;261 - UNO Ensino Médio - História;1 - an - Animação;1 - reap.;2 - flash;1 - Sim;0 - Não;6;;2.608
Incas;M06_incas;18 - UNO Ensino Médio;261 - UNO Ensino Médio - História;1 - an - Animação;1 - reap.;2 - flash;1 - Sim;0 - Não;6;;2.739
Maias;M06_maias;18 - UNO Ensino Médio;261 - UNO Ensino Médio - História;1 - an - Animação;1 - reap.;2 - flash;1 - Sim;0 - Não;6;;3.215
Origens da agricultura e da pecuária;M01_origens_da_agricultura_e_da_pecuaria;18 - UNO Ensino Médio;261 - UNO Ensino Médio - História;2 - ma - Mapa animado;1 - reap.;2 - flash;1 - Sim;1 - Sim;1;;400
Primeiras cidades;M01_primeiras_cidades;18 - UNO Ensino Médio;261 - UNO Ensino Médio - História;2 - ma - Mapa animado;1 - reap.;2 - flash;1 - Sim;1 - Sim;1;;210
Primeiras migrações;M01_primeiras_migracoes;18 - UNO Ensino Médio;261 - UNO Ensino Médio - História;2 - ma - Mapa animado;1 - reap.;2 - flash;1 - Sim;1 - Sim;1;;247
A expansão do Império Persa;M02_expansao_do_imperio_persa;18 - UNO Ensino Médio;261 - UNO Ensino Médio - História;2 - ma - Mapa animado;1 - reap.;2 - flash;1 - Sim;1 - Sim;2;;217
Povos da mesopotâmia: domínios e expansão;M02_povos_da_mesopotamia_dominios_e_expansao;18 - UNO Ensino Médio;261 - UNO Ensino Médio - História;2 - ma - Mapa animado;1 - reap.;2 - flash;1 - Sim;1 - Sim;2;;167
Rotas comerciais fenícias;M02_rotas_comerciais_fenicias;18 - UNO Ensino Médio;261 - UNO Ensino Médio - História;2 - ma - Mapa animado;1 - reap.;2 - flash;1 - Sim;1 - Sim;2;;148
A expansão de Alexandre e o mundo helenístico;M03_a_expansao_de_alexandre_e_o_mundo_helenisticol;18 - UNO Ensino Médio;261 - UNO Ensino Médio - História;2 - ma - Mapa animado;1 - reap.;2 - flash;1 - Sim;1 - Sim;3;;175
A guerra do peloponeso e o período das hegemonias;M03_a_guerra_do_peloponeso_e_o_periodo_das_hegemonias;18 - UNO Ensino Médio;261 - UNO Ensino Médio - História;2 - ma - Mapa animado;1 - reap.;2 - flash;1 - Sim;1 - Sim;3;;206
A queda do império ocidental;M03_a_queda_do_imperio_ocidental;18 - UNO Ensino Médio;261 - UNO Ensino Médio - História;2 - ma - Mapa animado;1 - reap.;2 - flash;1 - Sim;1 - Sim;3;;203
As guerras médicas;M03_as_guerras_medicas;18 - UNO Ensino Médio;261 - UNO Ensino Médio - História;2 - ma - Mapa animado;1 - reap.;2 - flash;1 - Sim;1 - Sim;3;;160
Domínios romanos entre os séculos;M03_dominios_romanos_entre_os_seculos;18 - UNO Ensino Médio;261 - UNO Ensino Médio - História;2 - ma - Mapa animado;1 - reap.;2 - flash;1 - Sim;1 - Sim;3;;205
Migrações indo-europeias e o povoamento da helade;M03_migracoes_indo_europeias_e_o_povoamento_da_helade;18 - UNO Ensino Médio;261 - UNO Ensino Médio - História;2 - ma - Mapa animado;1 - reap.;2 - flash;1 - Sim;1 - Sim;3;;192
O império romano e o mundo judaico cristão;M03_o_imperio_romano_e_o_mundo_judaico_cristao;18 - UNO Ensino Médio;261 - UNO Ensino Médio - História;2 - ma - Mapa animado;1 - reap.;2 - flash;1 - Sim;1 - Sim;3;;170
A Europa merovingia e carolingia;M04_a_europa_merovingia_e_carolingia;18 - UNO Ensino Médio;261 - UNO Ensino Médio - História;2 - ma - Mapa animado;1 - reap.;2 - flash;1 - Sim;1 - Sim;4;;189
As cruzadas;M04_as_cruzadas;18 - UNO Ensino Médio;261 - UNO Ensino Médio - História;2 - ma - Mapa animado;1 - reap.;2 - flash;1 - Sim;1 - Sim;4;;187
Império bizantino: conquistas de Justiniano;M04_imperio_bizantino_conquistas_de_justiniano;18 - UNO Ensino Médio;261 - UNO Ensino Médio - História;2 - ma - Mapa animado;1 - reap.;2 - flash;1 - Sim;1 - Sim;4;;178
Omíadas e abassidas;M04_omiadas_e_abassidas;18 - UNO Ensino Médio;261 - UNO Ensino Médio - História;2 - ma - Mapa animado;1 - reap.;2 - flash;1 - Sim;1 - Sim;4;;160
Rotas comerciais medievais;M04_rotas_comerciais_medievais;18 - UNO Ensino Médio;261 - UNO Ensino Médio - História;2 - ma - Mapa animado;1 - reap.;2 - flash;1 - Sim;1 - Sim;4;;170
A Europa durante as reformas religiosas;M05_a_europa_durante_as_reformas_religiosas;18 - UNO Ensino Médio;261 - UNO Ensino Médio - História;2 - ma - Mapa animado;1 - reap.;2 - flash;1 - Sim;1 - Sim;5;;179
A reconquista cristã;M05_a_reconquista_crista;18 - UNO Ensino Médio;261 - UNO Ensino Médio - História;2 - ma - Mapa animado;1 - reap.;2 - flash;1 - Sim;1 - Sim;5;;163
Expansionismo luso espanhol;M05_expansionismo_luso_espanhol;18 - UNO Ensino Médio;261 - UNO Ensino Médio - História;2 - ma - Mapa animado;1 - reap.;2 - flash;1 - Sim;1 - Sim;5;;166
O comércio no continente ;M06_o_comercio_no_continente_africano;18 - UNO Ensino Médio;261 - UNO Ensino Médio - História;2 - ma - Mapa animado;1 - reap.;2 - flash;1 - Sim;1 - Sim;6;;139
Os núcleos da ocupação espanhola;M06_os_nucleos_da_ocupacao_espanhola;18 - UNO Ensino Médio;261 - UNO Ensino Médio - História;2 - ma - Mapa animado;1 - reap.;2 - flash;1 - Sim;1 - Sim;6;;205
As independências na América Latina;M08_as_independencias_na_america_latina;18 - UNO Ensino Médio;261 - UNO Ensino Médio - História;2 - ma - Mapa animado;1 - reap.;2 - flash;1 - Sim;1 - Sim;8;;218
A formação dos Estados Unidos;M09_his_a_formacao_dos_estados_unidos;18 - UNO Ensino Médio;261 - UNO Ensino Médio - História;2 - ma - Mapa animado;1 - reap.;2 - flash;1 - Sim;1 - Sim;9;;255
Revoluções de 1848;M09_revolucoes_de_1848;18 - UNO Ensino Médio;261 - UNO Ensino Médio - História;2 - ma - Mapa animado;1 - reap.;2 - flash;1 - Sim;1 - Sim;9;;206
A América para os americanos;M10_a_america_para_os_americanos;18 - UNO Ensino Médio;261 - UNO Ensino Médio - História;2 - ma - Mapa animado;1 - reap.;2 - flash;1 - Sim;1 - Sim;10;;186
A América Latina e a nova divisão de trabalho;M11_a_america_latina_e_a_nova _divisao_de_trabalho;18 - UNO Ensino Médio;261 - UNO Ensino Médio - História;2 - ma - Mapa animado;1 - reap.;2 - flash;1 - Sim;1 - Sim;11;;221
A primeira grande guerra;M11_a_primeira_grande_guerra;18 - UNO Ensino Médio;261 - UNO Ensino Médio - História;2 - ma - Mapa animado;1 - reap.;2 - flash;1 - Sim;1 - Sim;11;;265
Revolução Russa;M11_revolucao_russa;18 - UNO Ensino Médio;261 - UNO Ensino Médio - História;2 - ma - Mapa animado;1 - reap.;2 - flash;1 - Sim;1 - Sim;11;;295
Depressão nos Estados Unidos;M12_depressao_nos_estados_unidos;18 - UNO Ensino Médio;261 - UNO Ensino Médio - História;2 - ma - Mapa animado;1 - reap.;2 - flash;1 - Sim;1 - Sim;12;;238
A expansão japonesa;M13_a_expansao_japonesa;18 - UNO Ensino Médio;261 - UNO Ensino Médio - História;2 - ma - Mapa animado;1 - reap.;2 - flash;1 - Sim;1 - Sim;13;;221
Avanços italo germânicos antes da segunda guerra mudial;M13_avancos_italo_germanicos_antes_da_segunda_guerra_mundial;18 - UNO Ensino Médio;261 - UNO Ensino Médio - História;2 - ma - Mapa animado;1 - reap.;2 - flash;1 - Sim;1 - Sim;13;;211
Campanhas na europa;M13_campanhas_na_europa;18 - UNO Ensino Médio;261 - UNO Ensino Médio - História;2 - ma - Mapa animado;1 - reap.;2 - flash;1 - Sim;1 - Sim;13;;271
Os alinhamentos europeus;M13_os_alinhamentos_europeus;18 - UNO Ensino Médio;261 - UNO Ensino Médio - História;2 - ma - Mapa animado;1 - reap.;2 - flash;1 - Sim;1 - Sim;13;;219
A descolonização afro asiática;M14_a_descolonizacao_afro_asiatica;18 - UNO Ensino Médio;261 - UNO Ensino Médio - História;2 - ma - Mapa animado;1 - reap.;2 - flash;1 - Sim;1 - Sim;14;;264
O início da guerra do Vietnã;M14_o_inicio_da_guerra_do_vietna;18 - UNO Ensino Médio;261 - UNO Ensino Médio - História;2 - ma - Mapa animado;1 - reap.;2 - flash;1 - Sim;1 - Sim;14;;264
Ditaduras minitates na América Latina;M15_ditaduras_militares_na_america_latina;18 - UNO Ensino Médio;261 - UNO Ensino Médio - História;2 - ma - Mapa animado;1 - reap.;2 - flash;1 - Sim;1 - Sim;15;;187
Expansão de Israel;M15_expansao_de_israel;18 - UNO Ensino Médio;261 - UNO Ensino Médio - História;2 - ma - Mapa animado;1 - reap.;2 - flash;1 - Sim;1 - Sim;15;;208
Comércio Internacional;M16_comercio_internacional;18 - UNO Ensino Médio;261 - UNO Ensino Médio - História;2 - ma - Mapa animado;1 - reap.;2 - flash;1 - Sim;1 - Sim;16;;322
Viagens marítimas entre os séculos XV e XVI;M17_viagens_maritimas_entre_os_seculos_XV_e_XVI;18 - UNO Ensino Médio;261 - UNO Ensino Médio - História;2 - ma - Mapa animado;1 - reap.;2 - flash;1 - Sim;1 - Sim;17;;167
Sua majestade o café;M20_sua_majestade_o_cafe;18 - UNO Ensino Médio;261 - UNO Ensino Médio - História;2 - ma - Mapa animado;1 - reap.;2 - flash;1 - Sim;1 - Sim;20;;201
A guerra do Paraguai;M21_a_guerra_do_paraguai;18 - UNO Ensino Médio;261 - UNO Ensino Médio - História;2 - ma - Mapa animado;1 - reap.;2 - flash;1 - Sim;1 - Sim;21;;198
Arcadismo;Arcadismo;18 - UNO Ensino Médio;266 - UNO Ensino Médio - Literatura;17 - in - Multimídia interativa;1 - reap.;2 - flash;1 - Sim;1 - Sim;;;114.981
Classicismo;Classicismo;18 - UNO Ensino Médio;266 - UNO Ensino Médio - Literatura;17 - in - Multimídia interativa;1 - reap.;2 - flash;1 - Sim;1 - Sim;;;111.076
Modernismo;Modernismo;18 - UNO Ensino Médio;266 - UNO Ensino Médio - Literatura;17 - in - Multimídia interativa;1 - reap.;2 - flash;1 - Sim;1 - Sim;;;906.435
Pré-modernismo e Vanguarda;Premodernismo_e_vanguardas;18 - UNO Ensino Médio;266 - UNO Ensino Médio - Literatura;17 - in - Multimídia interativa;1 - reap.;2 - flash;1 - Sim;1 - Sim;;;342.644
Quinhentismo e Barroco;Quinhentismo_e_Barroco;18 - UNO Ensino Médio;266 - UNO Ensino Médio - Literatura;17 - in - Multimídia interativa;1 - reap.;2 - flash;1 - Sim;1 - Sim;;;165.302
Realismo;Realismo;18 - UNO Ensino Médio;266 - UNO Ensino Médio - Literatura;17 - in - Multimídia interativa;1 - reap.;2 - flash;1 - Sim;1 - Sim;;;640.186
Romantismo;Romantismo;18 - UNO Ensino Médio;266 - UNO Ensino Médio - Literatura;17 - in - Multimídia interativa;1 - reap.;2 - flash;1 - Sim;1 - Sim;;;992.644
Simbolismo;Simbolismo;18 - UNO Ensino Médio;266 - UNO Ensino Médio - Literatura;17 - in - Multimídia interativa;1 - reap.;2 - flash;1 - Sim;1 - Sim;;;120.159
Trovadorismo e Humanismo;Trovadorismo_e_Humanismo;18 - UNO Ensino Médio;266 - UNO Ensino Médio - Literatura;17 - in - Multimídia interativa;1 - reap.;2 - flash;1 - Sim;1 - Sim;;;187.993
Função inversa;M02_funcao_inversa;18 - UNO Ensino Médio;264 - UNO Ensino Médio - Matemática;1 - an - Animação;1 - reap.;2 - flash;1 - Sim;0 - Não;2;;1.798
Função modular;M02_funcao_modular;18 - UNO Ensino Médio;264 - UNO Ensino Médio - Matemática;1 - an - Animação;1 - reap.;2 - flash;1 - Sim;0 - Não;2;;2.563
Áreas;M08_areas;18 - UNO Ensino Médio;264 - UNO Ensino Médio - Matemática;1 - an - Animação;1 - reap.;2 - flash;1 - Sim;0 - Não;8;;5.604
Teorema de Pitágoras;M08_teorema_de_pitagoras;18 - UNO Ensino Médio;264 - UNO Ensino Médio - Matemática;1 - an - Animação;1 - reap.;2 - flash;1 - Sim;0 - Não;8;;1.936
Trigonometria no triângulo retângulo;M09_trigonometria_no_triangulo_retangulo;18 - UNO Ensino Médio;264 - UNO Ensino Médio - Matemática;1 - an - Animação;1 - reap.;2 - flash;1 - Sim;0 - Não;9;;3.917
Funções Trigonométricas;M11_funcoes_trigonometricas;18 - UNO Ensino Médio;264 - UNO Ensino Médio - Matemática;1 - an - Animação;1 - reap.;2 - flash;1 - Sim;0 - Não;11;;4.198
Multiplicação de matrizes;M13_multiplicacao_de_matrizes;18 - UNO Ensino Médio;264 - UNO Ensino Médio - Matemática;1 - an - Animação;1 - reap.;2 - flash;1 - Sim;0 - Não;13;;2.267
Esferas;M20_esferas;18 - UNO Ensino Médio;264 - UNO Ensino Médio - Matemática;1 - an - Animação;1 - reap.;2 - flash;1 - Sim;0 - Não;20;;2.691
Cônicas;M22_conicas;18 - UNO Ensino Médio;264 - UNO Ensino Médio - Matemática;1 - an - Animação;1 - reap.;2 - flash;1 - Sim;0 - Não;22;;2.699
Função;funcao_correcoes;18 - UNO Ensino Médio;264 - UNO Ensino Médio - Matemática;7 - si - Simulador;1 - reap.;2 - flash;1 - Sim;1 - Sim;;;188
Círculo Trigonométrico;M10_circulo_trigonometrico;18 - UNO Ensino Médio;264 - UNO Ensino Médio - Matemática;7 - si - Simulador;1 - reap.;2 - flash;1 - Sim;1 - Sim;10;;63
Estados da Água;estados_agua;18 - UNO Ensino Médio;265 - UNO Ensino Médio - Química;1 - an - Animação;1 - reap.;2 - flash;1 - Sim;0 - Não;;;2.693
Tabela Periódica;M03_tabela_periodica;18 - UNO Ensino Médio;265 - UNO Ensino Médio - Química;1 - an - Animação;1 - reap.;2 - flash;1 - Sim;0 - Não;3;;9.423
Tipos de lidação química interatômica;M04_tipos_de_ligacao_quimica_interatomica;18 - UNO Ensino Médio;265 - UNO Ensino Médio - Química;1 - an - Animação;1 - reap.;2 - flash;1 - Sim;0 - Não;4;;7.963
Diagramas de fases;M11_diagramas_de_fases_de_uma_substancia_pura;18 - UNO Ensino Médio;265 - UNO Ensino Médio - Química;1 - an - Animação;1 - reap.;2 - flash;1 - Sim;0 - Não;11;;5.972
Osmose;M11_osmose;18 - UNO Ensino Médio;265 - UNO Ensino Médio - Química;1 - an - Animação;1 - reap.;2 - flash;1 - Sim;0 - Não;11;;5.206
Tipos de baterias;M12_tipos_de_baterias;18 - UNO Ensino Médio;265 - UNO Ensino Médio - Química;1 - an - Animação;1 - reap.;2 - flash;1 - Sim;0 - Não;12;;6.529
Tipos de pilhas;M12_tipos_de_pilhas;18 - UNO Ensino Médio;265 - UNO Ensino Médio - Química;1 - an - Animação;1 - reap.;2 - flash;1 - Sim;0 - Não;12;;5.128
Eletrólise ignea e aquosa;M13_eletrolise_ignea_e_aquosa;18 - UNO Ensino Médio;265 - UNO Ensino Médio - Química;1 - an - Animação;1 - reap.;2 - flash;1 - Sim;0 - Não;13;;8.270
Eficácia das colisões e energia de ativação;M15_eficacia_das_colisoes_e_energia_de_ativacao;18 - UNO Ensino Médio;265 - UNO Ensino Médio - Química;1 - an - Animação;1 - reap.;2 - flash;1 - Sim;0 - Não;15;;7.089
Conceito de equilíbrio químico;M16_conceito_de_equilibrio_quimico;18 - UNO Ensino Médio;265 - UNO Ensino Médio - Química;1 - an - Animação;1 - reap.;2 - flash;1 - Sim;0 - Não;16;;5.135
Datação com carbono 14;M18_datacao_com_carbono_14;18 - UNO Ensino Médio;265 - UNO Ensino Médio - Química;1 - an - Animação;1 - reap.;2 - flash;1 - Sim;0 - Não;18;;18.358
Fissão Nuclear e bomba atômica;M18_fissao_nuclear_e_bomba_atomica;18 - UNO Ensino Médio;265 - UNO Ensino Médio - Química;1 - an - Animação;1 - reap.;2 - flash;1 - Sim;0 - Não;18;;4.839
Fissão nuclear;M18_fusao_nuclear;18 - UNO Ensino Médio;265 - UNO Ensino Médio - Química;1 - an - Animação;1 - reap.;2 - flash;1 - Sim;0 - Não;18;;3.872
Radiações e poder de penetração;M18_radiacoes_e_poder_de_penetracao;18 - UNO Ensino Médio;265 - UNO Ensino Médio - Química;1 - an - Animação;1 - reap.;2 - flash;1 - Sim;0 - Não;18;;6.314
Tempo de meia vida;M18_tempo_de_meia_vida;18 - UNO Ensino Médio;265 - UNO Ensino Médio - Química;1 - an - Animação;1 - reap.;2 - flash;1 - Sim;0 - Não;18;;3.499
Transmutação Nuclear;M18_transmutacao_nuclear;18 - UNO Ensino Médio;265 - UNO Ensino Médio - Química;1 - an - Animação;1 - reap.;2 - flash;1 - Sim;0 - Não;18;;5.273
Classificação das cadeias carbonicas;M19_classificacao_das_cadeias_carbonicas;18 - UNO Ensino Médio;265 - UNO Ensino Médio - Química;1 - an - Animação;1 - reap.;2 - flash;1 - Sim;0 - Não;19;;2.588
Torre de fracionamento;M19_torre_de_fracionamento;18 - UNO Ensino Médio;265 - UNO Ensino Médio - Química;1 - an - Animação;1 - reap.;2 - flash;1 - Sim;0 - Não;19;;6.780
Geometria dos atomos de carbono;M21_geometria_dos_atomos_de_carbono;18 - UNO Ensino Médio;265 - UNO Ensino Médio - Química;1 - an - Animação;1 - reap.;2 - flash;1 - Sim;0 - Não;21;;4.549
Isomeria óptica;M21_isomeria_optica;18 - UNO Ensino Médio;265 - UNO Ensino Médio - Química;1 - an - Animação;1 - reap.;2 - flash;1 - Sim;0 - Não;21;;4.567
Representação do carbono saturado;M21_representacao_do_carbono_saturado;18 - UNO Ensino Médio;265 - UNO Ensino Médio - Química;1 - an - Animação;1 - reap.;2 - flash;1 - Sim;0 - Não;21;;2.111
Rutherford;rutherford;18 - UNO Ensino Médio;265 - UNO Ensino Médio - Química;1 - an - Animação;1 - reap.;2 - flash;1 - Sim;0 - Não;;;1.647
Gases;M08_gases;18 - UNO Ensino Médio;265 - UNO Ensino Médio - Química;7 - si - Simulador;1 - reap.;2 - flash;1 - Sim;1 - Sim;8;;489
Pilha de Daniell;M12_pilha_de_daniel;18 - UNO Ensino Médio;265 - UNO Ensino Médio - Química;7 - si - Simulador;1 - reap.;2 - flash;1 - Sim;1 - Sim;12;;150
Catalizador;video_01_catalizador;18 - UNO Ensino Médio;265 - UNO Ensino Médio - Química;9 - vde - Vídeo de experimento;1 - reap.;2 - flash;1 - Sim;1 - Sim;1;;27.909
Estudo Cinético;video_02_estudocinetico;18 - UNO Ensino Médio;265 - UNO Ensino Médio - Química;9 - vde - Vídeo de experimento;1 - reap.;2 - flash;1 - Sim;1 - Sim;2;;51.369
Concentração;video_03_concentracao;18 - UNO Ensino Médio;265 - UNO Ensino Médio - Química;9 - vde - Vídeo de experimento;1 - reap.;2 - flash;1 - Sim;1 - Sim;3;;31.406
Enzima Catalase;video_04_enzima_catalase;18 - UNO Ensino Médio;265 - UNO Ensino Médio - Química;9 - vde - Vídeo de experimento;1 - reap.;2 - flash;1 - Sim;1 - Sim;4;;27.480
Indicadores;video_05_indicadores;18 - UNO Ensino Médio;265 - UNO Ensino Médio - Química;9 - vde - Vídeo de experimento;1 - reap.;2 - flash;1 - Sim;1 - Sim;5;;31.380
Gelo seco;video_06_geloseco;18 - UNO Ensino Médio;265 - UNO Ensino Médio - Química;9 - vde - Vídeo de experimento;1 - reap.;2 - flash;1 - Sim;1 - Sim;6;;24.471
Sangue do Diabo;video_07_Sangue_do_Diabo;18 - UNO Ensino Médio;265 - UNO Ensino Médio - Química;9 - vde - Vídeo de experimento;1 - reap.;2 - flash;1 - Sim;1 - Sim;7;;16.035
Compostos de Magnésio;video_08_compostos_magnesio;18 - UNO Ensino Médio;265 - UNO Ensino Médio - Química;9 - vde - Vídeo de experimento;1 - reap.;2 - flash;1 - Sim;1 - Sim;8;;18.870
Tipos de reações;video_09_Tipos_de_Reacoe;18 - UNO Ensino Médio;265 - UNO Ensino Médio - Química;9 - vde - Vídeo de experimento;1 - reap.;2 - flash;1 - Sim;1 - Sim;9;;39.980
Equilíbrio químico;video_10_equilibrio_quimico;18 - UNO Ensino Médio;265 - UNO Ensino Médio - Química;9 - vde - Vídeo de experimento;1 - reap.;2 - flash;1 - Sim;1 - Sim;10;;19.124
Temperatura;video_11_temperatura;18 - UNO Ensino Médio;265 - UNO Ensino Médio - Química;9 - vde - Vídeo de experimento;1 - reap.;2 - flash;1 - Sim;1 - Sim;11;;37.331
